{
    "accuracy": 0.995,
    "precision": 1.0,
    "recall": 0.9895833333333334,
    "f1": 0.9947643979057592,
    "confusion_matrix": [
        [
            104,
            0
        ],
        [
            1,
            95
        ]
    ]
}